п»ї-- ============================================================
-- KFC Recruitment Database - Full Schema + Seed Data
-- Generated at 2026-05-03T11:30:14.264Z
-- ============================================================

SET statement_timeout = 0;
SET client_encoding = 'UTF8';

-- Roles
INSERT INTO roles (id, name, code, description, permissions, is_system, is_active, created_at, updated_at) 
VALUES ('cmopo8prs0000p4xh6bc545yl', 'QuГџв•‘Гєn trГџв•—ГЇ viв”њВ¬n', 'ADMIN', NULL, '["CANDIDATE_CREATE","CANDIDATE_READ","CANDIDATE_UPDATE","CANDIDATE_DELETE","CANDIDATE_STATUS_CHANGE","CANDIDATE_ASSIGN_PIC","CANDIDATE_TRANSFER_CAMPAIGN","CANDIDATE_BLACKLIST","PROPOSAL_CREATE","PROPOSAL_READ","PROPOSAL_UPDATE","PROPOSAL_DELETE","PROPOSAL_SUBMIT","PROPOSAL_REVIEW","PROPOSAL_APPROVE","PROPOSAL_REJECT","PROPOSAL_CANCEL","CAMPAIGN_CREATE","CAMPAIGN_READ","CAMPAIGN_UPDATE","CAMPAIGN_DELETE","CAMPAIGN_MANAGE","INTERVIEW_CREATE","INTERVIEW_READ","INTERVIEW_UPDATE","INTERVIEW_DELETE","OFFER_CREATE","OFFER_READ","OFFER_UPDATE","OFFER_DELETE","OFFER_SEND","REPORT_VIEW","REPORT_EXPORT","SETTINGS_MANAGE","USER_MANAGE"]', true, true, '2026-05-03T11:12:38.008Z', '2026-05-03T11:12:38.008Z')
ON CONFLICT (code) DO UPDATE SET permissions = EXCLUDED.permissions, name = EXCLUDED.name;
INSERT INTO roles (id, name, code, description, permissions, is_system, is_active, created_at, updated_at) 
VALUES ('cmopo8ps30001p4xhueeaqogf', 'Nhв”њГіn viв”њВ¬n tuyГџв•—Гўn dГџв•—Г‘ng', 'RECRUITER', NULL, '["CANDIDATE_CREATE","CANDIDATE_READ","CANDIDATE_UPDATE","CANDIDATE_STATUS_CHANGE","CANDIDATE_ASSIGN_PIC","CANDIDATE_TRANSFER_CAMPAIGN","PROPOSAL_READ","CAMPAIGN_CREATE","CAMPAIGN_READ","CAMPAIGN_UPDATE","CAMPAIGN_MANAGE","INTERVIEW_CREATE","INTERVIEW_READ","INTERVIEW_UPDATE","OFFER_CREATE","OFFER_READ","OFFER_UPDATE","OFFER_SEND","REPORT_VIEW","REPORT_EXPORT"]', true, true, '2026-05-03T11:12:38.019Z', '2026-05-03T11:12:38.019Z')
ON CONFLICT (code) DO UPDATE SET permissions = EXCLUDED.permissions, name = EXCLUDED.name;
INSERT INTO roles (id, name, code, description, permissions, is_system, is_active, created_at, updated_at) 
VALUES ('cmopo8ps80003p4xh81nxmi49', 'QuГџв•‘Гєn lв”њв•њ khu vГџв•—в–’c (AM)', 'AM', NULL, '["CANDIDATE_READ","CANDIDATE_UPDATE","CANDIDATE_STATUS_CHANGE","PROPOSAL_CREATE","PROPOSAL_READ","PROPOSAL_UPDATE","PROPOSAL_SUBMIT","PROPOSAL_REVIEW","PROPOSAL_APPROVE","PROPOSAL_REJECT","PROPOSAL_CANCEL","CAMPAIGN_READ","INTERVIEW_CREATE","INTERVIEW_READ","INTERVIEW_UPDATE","OFFER_READ","REPORT_VIEW"]', true, true, '2026-05-03T11:12:38.024Z', '2026-05-03T11:12:38.024Z')
ON CONFLICT (code) DO UPDATE SET permissions = EXCLUDED.permissions, name = EXCLUDED.name;
INSERT INTO roles (id, name, code, description, permissions, is_system, is_active, created_at, updated_at) 
VALUES ('cmopo8psa0004p4xhd3ioaldr', 'QuГџв•‘Гєn lв”њв•њ cГџв•—ВЎa hв”њГЎng (SM)', 'SM', NULL, '["CANDIDATE_READ","CANDIDATE_STATUS_CHANGE","PROPOSAL_CREATE","PROPOSAL_READ","PROPOSAL_UPDATE","PROPOSAL_SUBMIT","PROPOSAL_CANCEL","CAMPAIGN_READ","INTERVIEW_READ","OFFER_READ","REPORT_VIEW"]', true, true, '2026-05-03T11:12:38.027Z', '2026-05-03T11:12:38.027Z')
ON CONFLICT (code) DO UPDATE SET permissions = EXCLUDED.permissions, name = EXCLUDED.name;

-- Candidate Statuses
INSERT INTO candidate_statuses (id, name, code, color, "group", "order", is_active) 
VALUES ('cmo9j6ua30000oracm11ky996', 'LГџв•—Г¬c CV', 'CV_FILTERING', '#FCD34D', 'application', 1, true)
ON CONFLICT (code) DO NOTHING;
INSERT INTO candidate_statuses (id, name, code, color, "group", "order", is_active) 
VALUES ('cmo9j6uen0003oracdcxbr69b', 'Blacklist', 'BLACKLIST', '#111827', 'application', 4, true)
ON CONFLICT (code) DO NOTHING;
INSERT INTO candidate_statuses (id, name, code, color, "group", "order", is_active) 
VALUES ('cmo9j6ufs0004oracsij4nhtf', 'Khв”њв”¤ng liв”њВ¬n hГџв•—Г§ в”ЂГ¦в•ћв–‘Гџв•—Гєc', 'CANNOT_CONTACT', '#9CA3AF', 'application', 5, true)
ON CONFLICT (code) DO NOTHING;
INSERT INTO candidate_statuses (id, name, code, color, "group", "order", is_active) 
VALUES ('cmo9j6uhg0005orac65zebhh8', 'Khu vГџв•—в–’c chв•ћв–‘a tuyГџв•—Гўn dГџв•—Г‘ng', 'AREA_NOT_RECRUITING', '#D1D5DB', 'application', 6, true)
ON CONFLICT (code) DO NOTHING;
INSERT INTO candidate_statuses (id, name, code, color, "group", "order", is_active) 
VALUES ('cmo9j6uju0007orac7kyncce9', 'HR sв•ћГ­ vГџв•‘Г‘n в”ЂГ¦Гџв•‘Г­t', 'HR_INTERVIEW_PASSED', '#059669', 'interview', 7, true)
ON CONFLICT (code) DO NOTHING;
INSERT INTO candidate_statuses (id, name, code, color, "group", "order", is_active) 
VALUES ('cmo9j6ukv0008oracli3ss5lb', 'HR sв•ћГ­ vГџв•‘Г‘n loГџв•‘Г­i', 'HR_INTERVIEW_FAILED', '#DC2626', 'interview', 8, true)
ON CONFLICT (code) DO NOTHING;
INSERT INTO candidate_statuses (id, name, code, color, "group", "order", is_active) 
VALUES ('cmo9j6uig0006oracnn4ar4pu', 'ChГџв•—ВҐ phГџв•—Г…ng vГџв•‘Г‘n', 'WAITING_INTERVIEW', '#60A5FA', 'interview', 9, true)
ON CONFLICT (code) DO NOTHING;
INSERT INTO candidate_statuses (id, name, code, color, "group", "order", is_active) 
VALUES ('cmo9j6ulw0009oracu82gciey', 'SM/AM PV в”ЂГ‰Гџв•‘Г­t', 'SM_AM_INTERVIEW_PASSED', '#059669', 'interview', 10, true)
ON CONFLICT (code) DO NOTHING;
INSERT INTO candidate_statuses (id, name, code, color, "group", "order", is_active) 
VALUES ('cmo9j6un3000aorachtwdha1x', 'SM/AM PV LoГџв•‘Г­i', 'SM_AM_INTERVIEW_FAILED', '#DC2626', 'interview', 11, true)
ON CONFLICT (code) DO NOTHING;
INSERT INTO candidate_statuses (id, name, code, color, "group", "order", is_active) 
VALUES ('cmo9j6up2000corac88sm96ik', 'OM PV в”ЂГ‰Гџв•‘Г­t', 'OM_PV_INTERVIEW_PASSED', '#059669', 'interview', 12, true)
ON CONFLICT (code) DO NOTHING;
INSERT INTO candidate_statuses (id, name, code, color, "group", "order", is_active) 
VALUES ('cmo9j6uq4000doracqsuidrjw', 'OM PV LoГџв•‘Г­i', 'OM_PV_INTERVIEW_FAILED', '#DC2626', 'interview', 13, true)
ON CONFLICT (code) DO NOTHING;
INSERT INTO candidate_statuses (id, name, code, color, "group", "order", is_active) 
VALUES ('cmo9j6ur5000eoracg9j57ghe', 'Khв”њв”¤ng в”ЂГ¦Гџв•‘в”ђn phГџв•—Г…ng vГџв•‘Г‘n', 'NO_INTERVIEW', '#4B5563', 'interview', 14, true)
ON CONFLICT (code) DO NOTHING;
INSERT INTO candidate_statuses (id, name, code, color, "group", "order", is_active) 
VALUES ('cmo9j6us8000foracodfvqb2z', 'в”ЂГ‰в”њГє gГџв•—ВЎi offer letter', 'OFFER_SENT', '#818CF8', 'offer', 15, true)
ON CONFLICT (code) DO NOTHING;
INSERT INTO candidate_statuses (id, name, code, color, "group", "order", is_active) 
VALUES ('cmo9j6ut8000goracyswnghhh', 'в”ЂГ‰Гџв•—Гґng в”њв•њ offer letter', 'OFFER_ACCEPTED', '#10B981', 'offer', 16, true)
ON CONFLICT (code) DO NOTHING;
INSERT INTO candidate_statuses (id, name, code, color, "group", "order", is_active) 
VALUES ('cmo9j6uuc000horac5ucqn03t', 'TГџв•—ВЅ chГџв•—Г¦i offer letter', 'OFFER_REJECTED', '#F43F5E', 'offer', 17, true)
ON CONFLICT (code) DO NOTHING;
INSERT INTO candidate_statuses (id, name, code, color, "group", "order", is_active) 
VALUES ('cmo9j6uvc000ioracc1bqlm3m', 'ChГџв•—ВҐ nhГџв•‘ВЎn viГџв•—Г§c', 'WAITING_ONBOARDING', '#F97316', 'onboarding', 18, true)
ON CONFLICT (code) DO NOTHING;
INSERT INTO candidate_statuses (id, name, code, color, "group", "order", is_active) 
VALUES ('cmo9j6uwd000jorac5vhvewyu', 'в”ЂГ‰Гџв•—Гґng в”њв•њ nhГџв•‘ВЎn viГџв•—Г§c', 'ONBOARDING_ACCEPTED', '#059669', 'onboarding', 19, true)
ON CONFLICT (code) DO NOTHING;
INSERT INTO candidate_statuses (id, name, code, color, "group", "order", is_active) 
VALUES ('cmo9j6uxd000koracfuug2hkv', 'TГџв•—ВЅ chГџв•—Г¦i nhГџв•‘ВЎn viГџв•—Г§c', 'ONBOARDING_REJECTED', '#B91C1C', 'onboarding', 20, true)
ON CONFLICT (code) DO NOTHING;

-- Positions
INSERT INTO positions (id, name, code, description, is_active) 
VALUES ('cmo9q837l000010ct2y4s57fd', 'All Star', 'ALL_STAR', 'VГџв•—ГЇ trв”њВЎ KFC', true)
ON CONFLICT (code) DO NOTHING;
INSERT INTO positions (id, name, code, description, is_active) 
VALUES ('cmo8fpsk0000511loampgfa3p', 'Nhв”њГіn viв”њВ¬n', 'CREW', 'VГџв•—ГЇ trв”њВЎ KFC', true)
ON CONFLICT (code) DO NOTHING;
INSERT INTO positions (id, name, code, description, is_active) 
VALUES ('cmo9q83eq000110ctee3w5u1v', 'H-Junior', 'H-JUNIOR', 'VГџв•—ГЇ trв”њВЎ KFC', true)
ON CONFLICT (code) DO NOTHING;
INSERT INTO positions (id, name, code, description, is_active) 
VALUES ('cmo9q83ie000210ctoy8qv5a3', 'H-Master', 'H-MASTER', 'VГџв•—ГЇ trв”њВЎ KFC', true)
ON CONFLICT (code) DO NOTHING;
INSERT INTO positions (id, name, code, description, is_active) 
VALUES ('cmo9q83ly000310ctp5jexo1v', 'H-Senior', 'H-SENIOR', 'VГџв•—ГЇ trв”њВЎ KFC', true)
ON CONFLICT (code) DO NOTHING;
INSERT INTO positions (id, name, code, description, is_active) 
VALUES ('cmo9q83pk000410ct0d3xlx3j', 'RGM Level 1', 'RGM_LEVEL_1', 'VГџв•—ГЇ trв”њВЎ KFC', true)
ON CONFLICT (code) DO NOTHING;
INSERT INTO positions (id, name, code, description, is_active) 
VALUES ('cmo9q83t6000510ctghs3aeia', 'RGM Level 2', 'RGM_LEVEL_2', 'VГџв•—ГЇ trв”њВЎ KFC', true)
ON CONFLICT (code) DO NOTHING;
INSERT INTO positions (id, name, code, description, is_active) 
VALUES ('cmo9q83wi000610ct65uabkgf', 'RGM Level 3', 'RGM_LEVEL_3', 'VГџв•—ГЇ trв”њВЎ KFC', true)
ON CONFLICT (code) DO NOTHING;
INSERT INTO positions (id, name, code, description, is_active) 
VALUES ('cmo9q83zv000710ctkmlsa8r0', 'Shift Supervisor', 'SHIFT_SUPERVISOR', 'VГџв•—ГЇ trв”њВЎ KFC', true)
ON CONFLICT (code) DO NOTHING;
INSERT INTO positions (id, name, code, description, is_active) 
VALUES ('cmo9q8439000810ctbug95rn3', 'Shift Supervisor Trainee', 'SHIFT_SUPERVISOR_TRAINEE', 'VГџв•—ГЇ trв”њВЎ KFC', true)
ON CONFLICT (code) DO NOTHING;
INSERT INTO positions (id, name, code, description, is_active) 
VALUES ('cmo9q846l000910ct3ic2knyu', 'Staff', 'STAFF', 'VГџв•—ГЇ trв”њВЎ KFC', true)
ON CONFLICT (code) DO NOTHING;
INSERT INTO positions (id, name, code, description, is_active) 
VALUES ('cmo9q84a2000a10ctlrb5jisd', 'Star', 'STAR', 'VГџв•—ГЇ trв”њВЎ KFC', true)
ON CONFLICT (code) DO NOTHING;

-- Sources
INSERT INTO sources (id, name, code, description, is_active) 
VALUES ('cmo9t2vuu0001votskejmoado', 'Seeding', 'SEEDING', 'Seeding tГџв•—ВЅ TA', true)
ON CONFLICT (code) DO NOTHING;
INSERT INTO sources (id, name, code, description, is_active) 
VALUES ('cmo9t2t3i0000vots5t1e4kxo', 'Facebook Ads', 'FACEBOOK_ADS', 'NguГџв•—Гґn ads tГџв•—ВЅ Facebook', true)
ON CONFLICT (code) DO NOTHING;
INSERT INTO sources (id, name, code, description, is_active) 
VALUES ('976aa176-0329-4ce7-aeda-1867e144d18f', 'Facebook Group', 'FACEBOOK_GROUP', 'NguГџв•—Гґn tГџв•—ВЅ cв”њГ­c bв”њГЎi viГџв•‘в”ђt khв”њв”¤ng ads trв”њВ¬n Facebook', true)
ON CONFLICT (code) DO NOTHING;
INSERT INTO sources (id, name, code, description, is_active) 
VALUES ('cmo9t329y0003vots9sloghrj', 'Referral', 'REFERRAL', 'GiГџв•—Вўi thiГџв•—Г§u nГџв•—Г–i bГџв•—Г–', true)
ON CONFLICT (code) DO NOTHING;
INSERT INTO sources (id, name, code, description, is_active) 
VALUES ('cmo9t2yxf0002votsidja4k6q', 'Website', 'WEBSITE', 'Website KFC', true)
ON CONFLICT (code) DO NOTHING;

-- Users
INSERT INTO users (id, email, password, "fullName", phone, role, "roleId", is_active) 
VALUES ('cmoe9kadl0002s6hgovv3z70y', 'thucdh@kfcvietnam.com.vn', '$2a$10$zMDUrNtAJtLc56JPzlYEaetPt1zQlcfHN.8vHU/Yr7otSUG.kPU8y', 'HГџв•—Гґ в”ЂГ‰в”њв”¤ng ThГџв•—вЊђc', '0909888777', 'RECRUITER', 'cmopo8ps30001p4xhueeaqogf', true)
ON CONFLICT (email) DO NOTHING;
INSERT INTO users (id, email, password, "fullName", phone, role, "roleId", is_active) 
VALUES ('cmo8fpr6k000011lo37xr2fjo', 'admin@kfcvietnam.com.vn', '$2a$10$zMDUrNtAJtLc56JPzlYEaetPt1zQlcfHN.8vHU/Yr7otSUG.kPU8y', 'NguyГџв•—Г n TrГџв•—Г¬ng TriГџв•‘в”ђt', '0772086453', 'ADMIN', 'cmopo8prs0000p4xh6bc545yl', true)
ON CONFLICT (email) DO NOTHING;

-- Administrative Regions
INSERT INTO administrative_regions (id, name, name_en, code_name, code_name_en) 
VALUES (1, 'в”ЂГ‰в”њв”¤ng BГџв•‘В»c BГџв•—Г–', 'Northeast', 'dong_bac_bo', 'northest')
ON CONFLICT (id) DO NOTHING;
INSERT INTO administrative_regions (id, name, name_en, code_name, code_name_en) 
VALUES (2, 'Tв”њГіy BГџв•‘В»c BГџв•—Г–', 'Northwest', 'tay_bac_bo', 'northwest')
ON CONFLICT (id) DO NOTHING;
INSERT INTO administrative_regions (id, name, name_en, code_name, code_name_en) 
VALUES (3, 'в”ЂГ‰Гџв•—Гґng bГџв•‘в–’ng sв”њв”¤ng HГџв•—Гґng', 'Red River Delta', 'dong_bang_song_hong', 'red_river_delta')
ON CONFLICT (id) DO NOTHING;
INSERT INTO administrative_regions (id, name, name_en, code_name, code_name_en) 
VALUES (4, 'BГџв•‘В»c Trung BГџв•—Г–', 'North Central Coast', 'bac_trung_bo', 'north_central_coast')
ON CONFLICT (id) DO NOTHING;
INSERT INTO administrative_regions (id, name, name_en, code_name, code_name_en) 
VALUES (5, 'Duyв”њВ¬n hГџв•‘Гєi Nam Trung BГџв•—Г–', 'South Central Coast', 'duyen_hai_nam_trung_bo', 'south_central_coast')
ON CONFLICT (id) DO NOTHING;
INSERT INTO administrative_regions (id, name, name_en, code_name, code_name_en) 
VALUES (6, 'Tв”њГіy Nguyв”њВ¬n', 'Central Highlands', 'tay_nguyen', 'central_highlands')
ON CONFLICT (id) DO NOTHING;
INSERT INTO administrative_regions (id, name, name_en, code_name, code_name_en) 
VALUES (7, 'в”ЂГ‰в”њв”¤ng Nam BГџв•—Г–', 'Southeast', 'dong_nam_bo', 'southeast')
ON CONFLICT (id) DO NOTHING;
INSERT INTO administrative_regions (id, name, name_en, code_name, code_name_en) 
VALUES (8, 'в”ЂГ‰Гџв•—Гґng bГџв•‘в–’ng sв”њв”¤ng CГџв•—ВЎu Long', 'Mekong River Delta', 'dong_bang_song_cuu_long', 'southwest')
ON CONFLICT (id) DO NOTHING;

-- Administrative Units
INSERT INTO administrative_units (id, full_name, full_name_en, short_name, short_name_en, code_name, code_name_en) 
VALUES (1, 'Thв”њГЎnh phГџв•—Г¦ trГџв•—в–’c thuГџв•—Г–c trung в•ћв–‘в•ћГ­ng', 'Municipality', 'Thв”њГЎnh phГџв•—Г¦', 'City', 'thanh_pho_truc_thuoc_trung_uong', 'municipality')
ON CONFLICT (id) DO NOTHING;
INSERT INTO administrative_units (id, full_name, full_name_en, short_name, short_name_en, code_name, code_name_en) 
VALUES (2, 'TГџв•—Г«nh', 'Province', 'TГџв•—Г«nh', 'Province', 'tinh', 'province')
ON CONFLICT (id) DO NOTHING;
INSERT INTO administrative_units (id, full_name, full_name_en, short_name, short_name_en, code_name, code_name_en) 
VALUES (3, 'Phв•ћв–‘Гџв•—ВҐng', 'Ward', 'Phв•ћв–‘Гџв•—ВҐng', 'Ward', 'phuong', 'ward')
ON CONFLICT (id) DO NOTHING;
INSERT INTO administrative_units (id, full_name, full_name_en, short_name, short_name_en, code_name, code_name_en) 
VALUES (4, 'Xв”њГє', 'Commune', 'Xв”њГє', 'Commune', 'xa', 'commune')
ON CONFLICT (id) DO NOTHING;
INSERT INTO administrative_units (id, full_name, full_name_en, short_name, short_name_en, code_name, code_name_en) 
VALUES (5, 'в”ЂГ‰Гџв•‘в•–c khu tГџв•‘Г­i hГџв•‘Гєi в”ЂГ¦Гџв•‘Гєo', 'Special administrative region', 'в”ЂГ‰Гџв•‘в•–c khu', 'Special administrative region', 'dac_khu', 'special_administrative_region')
ON CONFLICT (id) DO NOTHING;

-- Provinces
INSERT INTO provinces (code, name, name_en, full_name, full_name_en, code_name, administrative_unit_id) 
VALUES ('01', 'Hв”њГЎ NГџв•—Г–i', 'Ha Noi', 'Thв”њГЎnh phГџв•—Г¦ Hв”њГЎ NГџв•—Г–i', 'Ha Noi City', 'ha_noi', 1)
ON CONFLICT (code) DO NOTHING;
INSERT INTO provinces (code, name, name_en, full_name, full_name_en, code_name, administrative_unit_id) 
VALUES ('04', 'Cao BГџв•‘в–’ng', 'Cao Bang', 'TГџв•—Г«nh Cao BГџв•‘в–’ng', 'Cao Bang Province', 'cao_bang', 2)
ON CONFLICT (code) DO NOTHING;
INSERT INTO provinces (code, name, name_en, full_name, full_name_en, code_name, administrative_unit_id) 
VALUES ('08', 'Tuyв”њВ¬n Quang', 'Tuyen Quang', 'TГџв•—Г«nh Tuyв”њВ¬n Quang', 'Tuyen Quang Province', 'tuyen_quang', 2)
ON CONFLICT (code) DO NOTHING;
INSERT INTO provinces (code, name, name_en, full_name, full_name_en, code_name, administrative_unit_id) 
VALUES ('11', 'в”ЂГ‰iГџв•—Г§n Biв”њВ¬n', 'Dien Bien', 'TГџв•—Г«nh в”ЂГ‰iГџв•—Г§n Biв”њВ¬n', 'Dien Bien Province', 'dien_bien', 2)
ON CONFLICT (code) DO NOTHING;
INSERT INTO provinces (code, name, name_en, full_name, full_name_en, code_name, administrative_unit_id) 
VALUES ('12', 'Lai Chв”њГіu', 'Lai Chau', 'TГџв•—Г«nh Lai Chв”њГіu', 'Lai Chau Province', 'lai_chau', 2)
ON CONFLICT (code) DO NOTHING;
INSERT INTO provinces (code, name, name_en, full_name, full_name_en, code_name, administrative_unit_id) 
VALUES ('14', 'Sв•ћГ­n La', 'Son La', 'TГџв•—Г«nh Sв•ћГ­n La', 'Son La Province', 'son_la', 2)
ON CONFLICT (code) DO NOTHING;
INSERT INTO provinces (code, name, name_en, full_name, full_name_en, code_name, administrative_unit_id) 
VALUES ('15', 'Lв”њГЎo Cai', 'Lao Cai', 'TГџв•—Г«nh Lв”њГЎo Cai', 'Lao Cai Province', 'lao_cai', 2)
ON CONFLICT (code) DO NOTHING;
INSERT INTO provinces (code, name, name_en, full_name, full_name_en, code_name, administrative_unit_id) 
VALUES ('19', 'Thв”њГ­i Nguyв”њВ¬n', 'Thai Nguyen', 'TГџв•—Г«nh Thв”њГ­i Nguyв”њВ¬n', 'Thai Nguyen Province', 'thai_nguyen', 2)
ON CONFLICT (code) DO NOTHING;
INSERT INTO provinces (code, name, name_en, full_name, full_name_en, code_name, administrative_unit_id) 
VALUES ('20', 'LГџв•‘Г­ng Sв•ћГ­n', 'Lang Son', 'TГџв•—Г«nh LГџв•‘Г­ng Sв•ћГ­n', 'Lang Son Province', 'lang_son', 2)
ON CONFLICT (code) DO NOTHING;
INSERT INTO provinces (code, name, name_en, full_name, full_name_en, code_name, administrative_unit_id) 
VALUES ('22', 'QuГџв•‘Гєng Ninh', 'Quang Ninh', 'TГџв•—Г«nh QuГџв•‘Гєng Ninh', 'Quang Ninh Province', 'quang_ninh', 2)
ON CONFLICT (code) DO NOTHING;
INSERT INTO provinces (code, name, name_en, full_name, full_name_en, code_name, administrative_unit_id) 
VALUES ('24', 'BГџв•‘В»c Ninh', 'Bac Ninh', 'TГџв•—Г«nh BГџв•‘В»c Ninh', 'Bac Ninh Province', 'bac_ninh', 2)
ON CONFLICT (code) DO NOTHING;
INSERT INTO provinces (code, name, name_en, full_name, full_name_en, code_name, administrative_unit_id) 
VALUES ('25', 'Phв”њв•‘ ThГџв•—Г¬', 'Phu Tho', 'TГџв•—Г«nh Phв”њв•‘ ThГџв•—Г¬', 'Phu Tho Province', 'phu_tho', 2)
ON CONFLICT (code) DO NOTHING;
INSERT INTO provinces (code, name, name_en, full_name, full_name_en, code_name, administrative_unit_id) 
VALUES ('31', 'HГџв•‘Гєi Phв”њв–“ng', 'Hai Phong', 'Thв”њГЎnh phГџв•—Г¦ HГџв•‘Гєi Phв”њв–“ng', 'Hai Phong City', 'hai_phong', 1)
ON CONFLICT (code) DO NOTHING;
INSERT INTO provinces (code, name, name_en, full_name, full_name_en, code_name, administrative_unit_id) 
VALUES ('33', 'Hв•ћв–‘ng Yв”њВ¬n', 'Hung Yen', 'TГџв•—Г«nh Hв•ћв–‘ng Yв”њВ¬n', 'Hung Yen Province', 'hung_yen', 2)
ON CONFLICT (code) DO NOTHING;
INSERT INTO provinces (code, name, name_en, full_name, full_name_en, code_name, administrative_unit_id) 
VALUES ('37', 'Ninh Bв”њВјnh', 'Ninh Binh', 'TГџв•—Г«nh Ninh Bв”њВјnh', 'Ninh Binh Province', 'ninh_binh', 2)
ON CONFLICT (code) DO NOTHING;
INSERT INTO provinces (code, name, name_en, full_name, full_name_en, code_name, administrative_unit_id) 
VALUES ('38', 'Thanh Hв”њв”‚a', 'Thanh Hoa', 'TГџв•—Г«nh Thanh Hв”њв”‚a', 'Thanh Hoa Province', 'thanh_hoa', 2)
ON CONFLICT (code) DO NOTHING;
INSERT INTO provinces (code, name, name_en, full_name, full_name_en, code_name, administrative_unit_id) 
VALUES ('40', 'NghГџв•—Г§ An', 'Nghe An', 'TГџв•—Г«nh NghГџв•—Г§ An', 'Nghe An Province', 'nghe_an', 2)
ON CONFLICT (code) DO NOTHING;
INSERT INTO provinces (code, name, name_en, full_name, full_name_en, code_name, administrative_unit_id) 
VALUES ('42', 'Hв”њГЎ Tв”ЂвЊђnh', 'Ha Tinh', 'TГџв•—Г«nh Hв”њГЎ Tв”ЂвЊђnh', 'Ha Tinh Province', 'ha_tinh', 2)
ON CONFLICT (code) DO NOTHING;
INSERT INTO provinces (code, name, name_en, full_name, full_name_en, code_name, administrative_unit_id) 
VALUES ('44', 'QuГџв•‘Гєng TrГџв•—ГЇ', 'Quang Tri', 'TГџв•—Г«nh QuГџв•‘Гєng TrГџв•—ГЇ', 'Quang Tri Province', 'quang_tri', 2)
ON CONFLICT (code) DO NOTHING;
INSERT INTO provinces (code, name, name_en, full_name, full_name_en, code_name, administrative_unit_id) 
VALUES ('46', 'HuГџв•‘в”ђ', 'Hue', 'Thв”њГЎnh phГџв•—Г¦ HuГџв•‘в”ђ', 'Hue City', 'hue', 1)
ON CONFLICT (code) DO NOTHING;
INSERT INTO provinces (code, name, name_en, full_name, full_name_en, code_name, administrative_unit_id) 
VALUES ('48', 'в”ЂГ‰в”њГЎ NГџв•‘в•Ўng', 'Da Nang', 'Thв”њГЎnh phГџв•—Г¦ в”ЂГ‰в”њГЎ NГџв•‘в•Ўng', 'Da Nang City', 'da_nang', 1)
ON CONFLICT (code) DO NOTHING;
INSERT INTO provinces (code, name, name_en, full_name, full_name_en, code_name, administrative_unit_id) 
VALUES ('51', 'QuГџв•‘Гєng Ngв”њГєi', 'Quang Ngai', 'TГџв•—Г«nh QuГџв•‘Гєng Ngв”њГєi', 'Quang Ngai Province', 'quang_ngai', 2)
ON CONFLICT (code) DO NOTHING;
INSERT INTO provinces (code, name, name_en, full_name, full_name_en, code_name, administrative_unit_id) 
VALUES ('52', 'Gia Lai', 'Gia Lai', 'TГџв•—Г«nh Gia Lai', 'Gia Lai Province', 'gia_lai', 2)
ON CONFLICT (code) DO NOTHING;
INSERT INTO provinces (code, name, name_en, full_name, full_name_en, code_name, administrative_unit_id) 
VALUES ('56', 'Khв”њГ­nh Hв”њв–“a', 'Khanh Hoa', 'TГџв•—Г«nh Khв”њГ­nh Hв”њв–“a', 'Khanh Hoa Province', 'khanh_hoa', 2)
ON CONFLICT (code) DO NOTHING;
INSERT INTO provinces (code, name, name_en, full_name, full_name_en, code_name, administrative_unit_id) 
VALUES ('66', 'в”ЂГ‰Гџв•‘В»k LГџв•‘В»k', 'Dak Lak', 'TГџв•—Г«nh в”ЂГ‰Гџв•‘В»k LГџв•‘В»k', 'Dak Lak Province', 'dak_lak', 2)
ON CONFLICT (code) DO NOTHING;
INSERT INTO provinces (code, name, name_en, full_name, full_name_en, code_name, administrative_unit_id) 
VALUES ('68', 'Lв”њГіm в”ЂГ‰Гџв•—Гґng', 'Lam Dong', 'TГџв•—Г«nh Lв”њГіm в”ЂГ‰Гџв•—Гґng', 'Lam Dong Province', 'lam_dong', 2)
ON CONFLICT (code) DO NOTHING;
INSERT INTO provinces (code, name, name_en, full_name, full_name_en, code_name, administrative_unit_id) 
VALUES ('75', 'в”ЂГ‰Гџв•—Гґng Nai', 'Dong Nai', 'TГџв•—Г«nh в”ЂГ‰Гџв•—Гґng Nai', 'Dong Nai Province', 'dong_nai', 2)
ON CONFLICT (code) DO NOTHING;
INSERT INTO provinces (code, name, name_en, full_name, full_name_en, code_name, administrative_unit_id) 
VALUES ('79', 'HГџв•—Гґ Chв”њВЎ Minh', 'Ho Chi Minh', 'Thв”њГЎnh phГџв•—Г¦ HГџв•—Гґ Chв”њВЎ Minh', 'Ho Chi Minh City', 'ho_chi_minh', 1)
ON CONFLICT (code) DO NOTHING;
INSERT INTO provinces (code, name, name_en, full_name, full_name_en, code_name, administrative_unit_id) 
VALUES ('80', 'Tв”њГіy Ninh', 'Tay Ninh', 'TГџв•—Г«nh Tв”њГіy Ninh', 'Tay Ninh Province', 'tay_ninh', 2)
ON CONFLICT (code) DO NOTHING;
INSERT INTO provinces (code, name, name_en, full_name, full_name_en, code_name, administrative_unit_id) 
VALUES ('82', 'в”ЂГ‰Гџв•—Гґng Thв”њГ­p', 'Dong Thap', 'TГџв•—Г«nh в”ЂГ‰Гџв•—Гґng Thв”њГ­p', 'Dong Thap Province', 'dong_thap', 2)
ON CONFLICT (code) DO NOTHING;
INSERT INTO provinces (code, name, name_en, full_name, full_name_en, code_name, administrative_unit_id) 
VALUES ('86', 'Vв”ЂвЊђnh Long', 'Vinh Long', 'TГџв•—Г«nh Vв”ЂвЊђnh Long', 'Vinh Long Province', 'vinh_long', 2)
ON CONFLICT (code) DO NOTHING;
INSERT INTO provinces (code, name, name_en, full_name, full_name_en, code_name, administrative_unit_id) 
VALUES ('91', 'An Giang', 'An Giang', 'TГџв•—Г«nh An Giang', 'An Giang Province', 'an_giang', 2)
ON CONFLICT (code) DO NOTHING;
INSERT INTO provinces (code, name, name_en, full_name, full_name_en, code_name, administrative_unit_id) 
VALUES ('92', 'CГџв•‘Вєn Thв•ћГ­', 'Can Tho', 'Thв”њГЎnh phГџв•—Г¦ CГџв•‘Вєn Thв•ћГ­', 'Can Tho City', 'can_tho', 1)
ON CONFLICT (code) DO NOTHING;
INSERT INTO provinces (code, name, name_en, full_name, full_name_en, code_name, administrative_unit_id) 
VALUES ('96', 'Cв”њГЎ Mau', 'Ca Mau', 'TГџв•—Г«nh Cв”њГЎ Mau', 'Ca Mau Province', 'ca_mau', 2)
ON CONFLICT (code) DO NOTHING;
